{"cameraMode":{"drawMode":0,"name":"Shaded","section":"Shading Mode"},"sceneLighting":false,"audioPlay":false,"sceneViewState":{"m_AlwaysRefresh":false,"showFog":true,"showSkybox":true,"showFlares":true,"showImageEffects":true,"showParticleSystems":true,"showVisualEffectGraphs":true,"m_FxEnabled":true},"in2DMode":false,"pivot":{"x":0.36999988555908205,"y":33.459999084472659,"z":-72.08999633789063},"rotation":{"x":-0.34587565064430239,"y":0.13916350901126862,"z":-0.051954761147499087,"w":-0.9264472126960754},"size":27.7867374420166,"orthographic":false}